Region,Mean_PFAS
london,13.150785953177257
midlands,89.58460821556474
north,35.31967895050817
south,22.27584303125213
